,FCS,CORR,BUFF_OVERFLOW,GENERIC,PCKT_NUM,TIME(MS),LENGTH,PAYLOAD,RSSI,CRC_OK,FRAME_TYPE,DEST_PAN,DEST_ADD,SRC_PAN,SRC_ADD
0,1,1,0,0,1,5432298.8125,19,,-100,1,CMD,0xffff,0xffff,,0x00124b0014f64104
1,1,1,0,0,2,12108553.4375,11,,-99,1,CMD,0xffff,,,
2,1,1,0,0,3,23542679.5625,19,,-90,1,CMD,0xffff,0xffff,,0x00124b0014f64244
3,1,1,0,0,4,23737754.9375,11,,-85,1,CMD,0xffff,,,
4,1,1,0,0,5,23740733.0625,14,,-92,1,BCN,,,0x0001,0xaabb
5,1,1,0,0,6,25406322.8125,11,,-85,1,CMD,0xffff,,,
6,1,1,0,0,7,25408011.6875,14,,-91,1,BCN,,,0x0001,0xaabb
7,1,1,0,0,8,29906957.6875,11,,-86,1,CMD,0xffff,,,
8,1,1,0,0,9,29908965.3125,14,,-93,1,BCN,,,0x0001,0xaabb
9,1,1,0,0,10,33108280.3125,11,,-81,1,CMD,0xffff,,,
10,1,1,0,0,11,33111247.0625,14,,-92,1,BCN,,,0x0001,0xaabb
11,1,1,0,0,12,42460474.6875,19,,-87,1,CMD,0xffff,0xffff,,0x00124b001ca1739e
12,1,1,0,0,13,48546663.0625,11,,-98,1,CMD,0xffff,,,
13,1,1,0,0,14,48548033.4375,14,,-93,1,BCN,,,0x0001,0xaabb
14,1,1,0,0,15,48732545.0625,11,,-82,1,CMD,0xffff,,,
15,1,1,0,0,16,48733613.5625,14,,-93,1,BCN,,,0x0001,0xaabb
16,1,1,0,0,17,50584339.3125,6,,-93,1,ACK,,,,
17,1,1,0,0,18,50772265.3125,22,,-85,1,CMD,0x0001,0xaabb,0xffff,0x00124b0014f64276
18,1,1,0,0,19,50773320.9375,6,,-95,1,ACK,,,,
19,1,1,0,0,20,50832358.0625,19,,-91,1,CMD,0x0001,0xaabb,,0x00124b001ca19724
20,1,1,0,0,21,50833317.8125,6,,-94,1,ACK,,,,
21,1,1,0,0,22,50835330.5625,28,,-94,1,CMD,0x0001,0x00124b001ca19724,,0x00124b0014f64292
22,1,1,0,0,23,50836578.3125,6,,-91,1,ACK,,,,
23,1,1,0,0,24,50840066.0625,13,,-91,1,CMD,0x0001,0xaabb,,0x0001
24,1,1,0,0,25,50840833.8125,6,,-94,1,ACK,,,,
25,1,1,0,0,26,51021354.5625,19,,-82,1,CMD,0x0001,0xaabb,,0x00124b0014f64276
26,1,1,0,0,27,51022314.1875,6,,-94,1,ACK,,,,
27,1,1,0,0,28,51025287.5625,28,,-93,1,CMD,0x0001,0x00124b0014f64276,,0x00124b0014f64292
28,1,1,0,0,29,51026535.4375,6,,-82,1,ACK,,,,
29,1,1,0,0,30,51032921.9375,13,,-82,0,CMD,0x0001,0x57f7040002aabb,,0x
30,1,1,0,0,31,51033689.8125,6,,-94,1,ACK,,,,
31,1,1,0,0,32,52670691.8125,11,,-93,1,CMD,0xffff,,,
32,1,1,0,0,33,52673657.5625,14,,-92,1,BCN,,,0x0001,0xaabb
33,1,1,0,0,34,53809894.0625,88,,27,1,RFID_BLINK,0x0001,0xaabb,,0x0001
34,1,1,0,0,35,53816030.875,101,,-93,1,DATA,0x0001,0xaabb,,0x0001
35,1,1,0,0,36,53819614.59375,6,,-94,1,ACK,,,,
36,1,1,0,0,37,54708241.09375,22,,-90,1,CMD,0x0001,0xaabb,0xffff,0x00124b0014f641c7
37,1,1,0,0,38,54709297.0,6,,-94,1,ACK,,,,
38,1,1,0,0,39,54958290.59375,19,,-91,1,CMD,0x0001,0xaabb,,0x00124b0014f641c7
39,1,1,0,0,40,54959250.34375,6,,-96,1,ACK,,,,
40,1,1,0,0,41,54959998.84375,28,,-95,1,CMD,0x0001,0x00124b0014f641c7,,0x00124b0014f64292
41,1,1,0,0,42,54961246.75,6,,-91,1,ACK,,,,
42,1,1,0,0,43,54968035.0,13,,-91,1,CMD,0x0001,0xaabb,,0x0003
43,1,1,0,0,44,54968802.84375,6,,-97,1,ACK,,,,
44,1,1,0,0,45,56910691.75,11,,-91,1,CMD,0xffff,,,
45,1,1,0,0,46,56913024.59375,16,,-94,1,BCN,,,0x0001,0xaabb
46,1,1,0,0,47,58947099.75,22,,-87,1,CMD,0x0001,0xaabb,0xffff,0x00124b001ca17247
47,1,1,0,0,48,58948155.34375,6,,-94,1,ACK,,,,
48,1,1,0,0,49,59196189.59375,19,,-86,1,CMD,0x0001,0xaabb,,0x00124b001ca17247
49,1,1,0,0,50,59197149.59375,6,,-93,1,ACK,,,,
50,1,1,0,0,51,59198202.09375,28,,-93,1,CMD,0x0001,0x00124b001ca17247,,0x00124b0014f64292
51,1,1,0,0,52,59199449.84375,6,,-86,1,ACK,,,,
52,1,1,0,0,53,59203322.75,13,,-86,1,CMD,0x0001,0xaabb,,0x0004
53,1,1,0,0,54,59204090.5,6,,-94,1,ACK,,,,
54,1,1,0,0,55,60406757.75,13,,-98,1,CMD,0x0001,0xaabb,,0x0004
55,1,1,0,0,56,60407525.34375,6,,-94,1,ACK,,,,
56,1,1,0,0,57,60411331.09375,13,,-98,1,CMD,0x0001,0xaabb,,0x0004
57,1,1,0,0,58,60412098.84375,6,,-94,1,ACK,,,,
58,1,1,0,0,59,65516348.5,11,,-84,1,CMD,0xffff,,,
59,1,1,0,0,60,65519325.0,16,,-93,1,BCN,,,0x0001,0xaabb
60,1,1,0,0,61,66860754.25,13,,-97,0,CMD,0x0001,0xaabb,,0x0007
61,1,1,0,0,62,66864555.25,13,,-96,1,CMD,0x0001,0xaabb,,0x0007
62,1,1,0,0,63,66865323.09375,6,,-92,1,ACK,,,,
63,1,1,0,0,64,66870774.0,13,,-96,1,CMD,0x0001,0xaabb,,0x0007
64,1,1,0,0,65,66871541.84375,6,,-93,1,ACK,,,,
65,1,1,0,0,66,67551546.84375,22,,-98,1,CMD,0x0001,0xaabb,0xffff,0x00124b001ca75ccf
66,1,1,0,0,67,67552603.0,6,,-93,1,ACK,,,,
67,1,1,0,0,68,67801277.75,19,,-86,1,CMD,0x0001,0xaabb,,0x00124b001ca75ccf
68,1,1,0,0,69,67802237.5,6,,-93,1,ACK,,,,
69,1,1,0,0,70,67803930.25,28,,-93,1,CMD,0x0001,0x00124b001ca75ccf,,0x00124b0014f64292
70,1,1,0,0,71,67805178.5,6,,-86,1,ACK,,,,
71,1,1,0,0,72,67809357.34375,13,,-85,1,CMD,0x0001,0xaabb,,0x0005
72,1,1,0,0,73,67810125.25,6,,-93,1,ACK,,,,
73,1,1,0,0,74,69270597.25,11,,-88,1,CMD,0xffff,,,
74,1,1,0,0,75,69273253.09375,16,,-93,1,BCN,,,0x0001,0xaabb
75,1,1,0,0,76,70000474.84375,13,,-62,0,CMD,0x0001,0xaabb,,0x7776
76,1,1,0,0,77,70001242.59375,6,,-93,1,ACK,,,,
77,1,1,0,0,78,70005737.34375,13,,-94,1,CMD,0x0001,0xaabb,,0x0006
78,1,1,0,0,79,70006505.0,6,,-93,1,ACK,,,,
79,1,1,0,0,80,70839899.59375,13,,-93,1,CMD,0x0001,0xaabb,,0x0001
80,1,1,0,0,81,70840667.09375,6,,-93,1,ACK,,,,
81,1,1,0,0,82,70842037.59375,41,,-93,1,DATA,0x0001,0x0001,,0xaabb
82,1,1,0,0,83,70843701.34375,6,,-93,0,ACK,,,,
83,1,1,0,0,84,70848237.0,43,,-93,1,DATA,0x0001,0xaabb,,0x0001
84,1,1,0,0,85,70849964.84375,6,,-93,1,ACK,,,,
85,1,1,0,0,86,71032095.0,13,,-83,1,CMD,0x0001,0xaabb,,0x0002
86,1,1,0,0,87,71032862.84375,6,,-93,1,ACK,,,,
87,1,1,0,0,88,71033610.34375,41,,-93,1,DATA,0x0001,0x0002,,0xaabb
88,1,1,0,0,89,71035274.0,6,,-84,1,ACK,,,,
89,1,1,0,0,90,71038535.5,43,,-83,1,DATA,0x0001,0xaabb,,0x0002
90,1,1,0,0,91,71040263.09375,6,,-93,1,ACK,,,,
91,1,1,0,0,92,71275470.5,101,,-83,1,DATA,0x0001,0xaabb,,0x0005
92,1,1,0,0,93,71281291.5625,109,,-73,0,1_OCT_HEADER,0x0001,0xaabb,,0x0005
93,1,1,0,0,94,71284875.25,6,,-93,1,ACK,,,,
94,1,1,0,0,95,71305264.5,22,,-85,1,CMD,0x0001,0xaabb,0xffff,0x00124b0014f641b8
95,1,1,0,0,96,71306320.125,6,,-93,1,ACK,,,,
96,1,1,0,0,97,71553700.5,19,,-85,1,CMD,0x0001,0xaabb,,0x00124b0014f641b8
97,1,1,0,0,98,71554660.25,6,,-94,1,ACK,,,,
98,1,1,0,0,99,71556293.25,28,,-94,1,CMD,0x0001,0x00124b0014f641b8,,0x00124b0014f64292
99,1,1,0,0,100,71557541.0,6,,-85,1,ACK,,,,
100,1,1,0,0,101,71563062.75,13,,-85,1,CMD,0x0001,0xaabb,,0x0006
101,1,1,0,0,102,71563830.75,6,,-93,1,ACK,,,,
102,1,1,0,0,103,74969595.625,13,,-88,1,CMD,0x0001,0xaabb,,0x0003
103,1,1,0,0,104,74970363.25,6,,-95,1,ACK,,,,
104,1,1,0,0,105,74973014.25,41,,-94,1,DATA,0x0001,0x0003,,0xaabb
105,1,1,0,0,106,74974678.125,6,,-88,1,ACK,,,,
106,1,1,0,0,107,74978584.875,43,,-87,1,DATA,0x0001,0xaabb,,0x0003
107,1,1,0,0,108,74980312.75,6,,-93,1,ACK,,,,
108,1,1,0,0,109,75170416.75,101,,-90,1,DATA,0x0001,0xaabb,,0x0006
109,1,1,0,0,110,75174000.4375,6,,-94,1,ACK,,,,
110,1,1,0,0,111,77021636.9375,101,,-94,1,DATA,0x0001,0xaabb,,0x0001
111,1,1,0,0,112,77025221.0,6,,-97,1,ACK,,,,
112,1,1,0,0,113,77723656.0,101,,-89,1,DATA,0x0001,0xaabb,,0x0004
113,1,1,0,0,114,77727239.53125,6,,-94,1,ACK,,,,
114,1,1,0,0,115,79203305.03125,13,,-89,1,CMD,0x0001,0xaabb,,0x0004
115,1,1,0,0,116,79204072.78125,6,,-97,1,ACK,,,,
116,1,1,0,0,117,79207044.53125,41,,-97,1,DATA,0x0001,0x0004,,0xaabb
117,1,1,0,0,118,79208708.28125,6,,-89,1,ACK,,,,
118,1,1,0,0,119,79213267.1875,43,,-85,0,DATA,0x0001,0xaabb,,0x0004
119,1,1,0,0,120,79217550.28125,43,,-88,1,DATA,0x0001,0xaabb,,0x0004
120,1,1,0,0,121,79219278.03125,6,,-98,1,ACK,,,,
121,1,1,0,0,122,80417140.1875,13,,-99,1,CMD,0x0001,0xaabb,,0x0004
122,1,1,0,0,123,80689121.78125,101,,-99,1,DATA,0x0001,0xaabb,,0x0004
123,1,1,0,0,124,80692705.3125,6,,-98,1,ACK,,,,
124,1,1,0,0,125,83358499.21875,101,,-93,1,DATA,0x0001,0xaabb,,0x0007
125,1,1,0,0,126,83364959.40625,101,,-93,1,DATA,0x0001,0xaabb,,0x0007
126,1,1,0,0,127,83368543.4375,6,,-95,1,ACK,,,,
127,1,1,0,0,128,86870279.4375,13,,-88,1,CMD,0x0001,0xaabb,,0x0007
128,1,1,0,0,129,86871047.1875,6,,-100,1,ACK,,,,
129,1,1,0,0,130,87813184.84375,13,,-87,1,CMD,0x0001,0xaabb,,0x0005
130,1,1,0,0,131,87813952.84375,6,,-94,1,ACK,,,,
131,1,1,0,0,132,87815323.84375,41,,-94,0,DATA,0x0001,0x0005,,0xaabb
132,1,1,0,0,133,89638627.5,101,,-85,1,DATA,0x0001,0xaabb,,0x0006
133,1,1,0,0,134,89642211.0,6,,-90,1,ACK,,,,
134,1,1,0,0,135,89839439.5,101,,-89,1,DATA,0x0001,0xaabb,,0x0002
135,1,1,0,0,136,89843023.1875,6,,-89,1,ACK,,,,
136,1,1,0,0,137,90006866.78125,6,,-89,1,ACK,,,,
137,1,1,0,0,138,90838993.9375,13,,-94,1,CMD,0x0001,0xaabb,,0x0001
138,1,1,0,0,139,90839761.53125,6,,-90,1,ACK,,,,
139,1,1,0,0,140,90840509.03125,31,,-89,1,DATA,0x0001,0x0001,,0xaabb
140,1,1,0,0,141,90841852.9375,6,,-93,1,ACK,,,,
141,1,1,0,0,142,90844044.78125,31,,-93,1,DATA,0x0001,0xaabb,,0x0001
142,1,1,0,0,143,90845388.4375,6,,-90,1,ACK,,,,
143,1,1,0,0,144,91030951.9375,13,,-87,1,CMD,0x0001,0xaabb,,0x0002
144,1,1,0,0,145,91031719.4375,6,,-90,1,ACK,,,,
145,1,1,0,0,146,91453158.4375,101,,-88,1,DATA,0x0001,0xaabb,,0x0004
146,1,1,0,0,147,91458658.6875,101,,-88,1,DATA,0x0001,0xaabb,,0x0004
147,1,1,0,0,148,91462242.5,6,,-93,1,ACK,,,,
148,1,1,0,0,149,91567406.75,13,,-86,1,CMD,0x0001,0xaabb,,0x0006
149,1,1,0,0,150,91568174.5,6,,-93,1,ACK,,,,
150,1,1,0,0,151,93160964.375,6,,-100,1,ACK,,,,
151,1,1,0,0,152,94975033.25,13,,-98,1,CMD,0x0001,0xaabb,,0x0003
152,1,1,0,0,153,94975801.125,6,,-97,1,ACK,,,,
153,1,1,0,0,154,99202545.375,13,,-87,1,CMD,0x0001,0xaabb,,0x0004
154,1,1,0,0,155,99203313.125,6,,-97,1,ACK,,,,
155,1,1,0,0,156,100422465.75,6,,-93,1,ACK,,,,
156,1,1,0,0,157,101274545.375,108,,-73,0,CMD,0x0001,0xaabb,,0x0005
157,1,1,0,0,158,101278128.9375,6,,-98,1,ACK,,,,
158,1,1,0,0,159,105171725.6875,101,,-92,1,DATA,0x0001,0xaabb,,0x0006
159,1,1,0,0,160,105175309.1875,6,,-91,1,ACK,,,,
160,1,1,0,0,161,106869499.9375,13,,-89,1,CMD,0x0001,0xaabb,,0x0007
161,1,1,0,0,162,106870267.59375,6,,-91,1,ACK,,,,
162,1,1,0,0,163,107019524.9375,101,,-96,1,DATA,0x0001,0xaabb,,0x0001
163,1,1,0,0,164,107023108.59375,6,,-92,1,ACK,,,,
164,1,1,0,0,165,107810327.0,13,,-84,1,CMD,0x0001,0xaabb,,0x0005
165,1,1,0,0,166,107811094.84375,6,,-92,1,ACK,,,,
166,1,1,0,0,167,107814066.59375,41,,-92,1,DATA,0x0001,0x0005,,0xaabb
167,1,1,0,0,168,107815730.5,6,,-85,1,ACK,,,,
168,1,1,0,0,169,107818635.5,43,,-84,1,DATA,0x0001,0xaabb,,0x0005
169,1,1,0,0,170,107820363.0,6,,-92,1,ACK,,,,
170,1,1,0,0,171,107937546.09375,101,,-83,1,DATA,0x0001,0xaabb,,0x0005
171,1,1,0,0,172,107941129.78125,6,,-91,1,ACK,,,,
172,1,1,0,0,173,110007852.78125,13,,-102,0,CMD,0x0001,0xaabb,,0x0006
173,1,1,0,0,174,110008620.6875,6,,-93,1,ACK,,,,
174,1,1,0,0,175,110010312.4375,41,,-93,1,DATA,0x0001,0x0006,,0xaabb
175,1,1,0,0,176,110016263.9375,6,,-94,1,ACK,,,,
176,1,1,0,0,177,110700307.1875,6,,-98,1,ACK,,,,
177,1,1,0,0,178,110838647.4375,13,,-99,0,CMD,0x0001,0xaa5b,,0x0001
178,1,1,0,0,179,110839415.1875,6,,-97,1,ACK,,,,
179,1,1,0,0,180,111031072.03125,13,,-79,1,CMD,0x0001,0xaabb,,0x0002
180,1,1,0,0,181,111031839.6875,6,,-98,1,ACK,,,,
181,1,1,0,0,182,111572149.9375,13,,-85,1,CMD,0x0001,0xaabb,,0x0006
182,1,1,0,0,183,111572917.78125,6,,-98,1,ACK,,,,
183,1,1,0,0,184,113358174.9375,101,,-91,1,DATA,0x0001,0xaabb,,0x0007
184,1,1,0,0,185,114977450.65625,13,,-97,1,CMD,0x0001,0xaabb,,0x0003
185,1,1,0,0,186,115228418.90625,101,,-93,1,DATA,0x0001,0xaabb,,0x0006
186,1,1,0,0,187,115232002.5625,6,,-99,1,ACK,,,,
187,1,1,0,0,188,119202345.46875,13,,-76,0,CMD,0x0001,0x48bb,,0x6455
188,1,1,0,0,189,119203113.3125,6,,-93,1,ACK,,,,
189,1,1,0,0,190,119646164.71875,101,,-86,1,DATA,0x0001,0xaabb,,0x0006
190,1,1,0,0,191,119649748.375,6,,-96,1,ACK,,,,
191,1,1,0,0,192,119839064.625,101,,-77,1,DATA,0x0001,0xaabb,,0x0002
192,1,1,0,0,193,119842648.5625,6,,-99,1,ACK,,,,
193,1,1,0,0,194,120427443.6875,13,,-98,1,CMD,0x0001,0xaabb,,0x0004
194,1,1,0,0,195,120428211.3125,6,,-99,1,ACK,,,,
195,1,1,0,0,196,121452541.0625,98,,34,1,DATA,0x0001,0xaabb,,0x0004
196,1,1,0,0,197,121459320.78125,101,,-89,1,DATA,0x0001,0xaabb,,0x0004
197,1,1,0,0,198,123161963.3125,101,,-90,1,DATA,0x0001,0xaabb,,0x0003
198,1,1,0,0,199,126870313.0625,13,,-92,1,CMD,0x0001,0xaabb,,0x0007
199,1,1,0,0,200,127808240.0625,13,,-83,1,CMD,0x0001,0xaabb,,0x0005
200,1,1,0,0,201,127809007.8125,6,,-99,1,ACK,,,,
201,1,1,0,0,202,130008716.9375,6,,-99,1,ACK,,,,
202,1,1,0,0,203,130009767.6875,41,,-99,1,DATA,0x0001,0x0006,,0xaabb
203,1,1,0,0,204,130013966.3125,43,,-103,0,DATA,0x00d1,0xaabb,,0x0006
204,1,1,0,0,205,130015694.1875,6,,-99,1,ACK,,,,
205,1,1,0,0,206,130839782.5625,61,,-87,0,BCN,0x3672,,,
206,1,1,0,0,207,131030196.6875,13,,-80,1,CMD,0x0001,0xaabb,,0x0002
207,1,1,0,0,208,131030964.3125,6,,-99,1,ACK,,,,
208,1,1,0,0,209,131576929.8125,13,,-85,1,CMD,0x0001,0xaabb,,0x0006
209,1,1,0,0,210,131578825.0625,13,,-85,1,CMD,0x0001,0xaabb,,0x0006
210,1,1,0,0,211,134980331.9375,13,,-96,1,CMD,0x0001,0xaabb,,0x0003
211,1,1,0,0,212,136233854.1875,101,,-93,1,DATA,0x0001,0xaabb,,0x0006
212,1,1,0,0,213,136237437.71875,6,,-91,1,ACK,,,,
213,1,1,0,0,214,137018717.21875,101,,-93,1,DATA,0x0001,0xaabb,,0x0001
214,1,1,0,0,215,137022300.96875,6,,-93,1,ACK,,,,
215,1,1,0,0,216,137936922.09375,101,,-85,1,DATA,0x0001,0xaabb,,0x0005
216,1,1,0,0,217,137940506.09375,6,,-97,1,ACK,,,,
217,1,1,0,0,218,139203619.34375,13,,-87,1,CMD,0x0001,0xaabb,,0x0004
218,1,1,0,0,219,139204387.34375,6,,-94,1,ACK,,,,
219,1,1,0,0,220,140432725.84375,13,,-96,1,CMD,0x0001,0xaabb,,0x0004
220,1,1,0,0,221,140433493.75,6,,-92,1,ACK,,,,
221,1,1,0,0,222,140704988.0,108,,-73,0,CMD,0x0001,0xaabb,,0x0004
222,1,1,0,0,223,140708571.8125,6,,-94,1,ACK,,,,
223,1,1,0,0,224,143357874.8125,101,,-87,1,DATA,0x0001,0xaabb,,0x0007
224,1,1,0,0,225,143361458.5,6,,-100,1,ACK,,,,
225,1,1,0,0,226,146869518.75,13,,-88,1,CMD,0x0001,0xaabb,,0x0007
226,1,1,0,0,227,146870286.25,6,,-94,1,ACK,,,,
227,1,1,0,0,228,147809923.0,13,,-85,1,CMD,0x0001,0xaabb,,0x0005
228,1,1,0,0,229,147810690.375,6,,-93,1,ACK,,,,
229,1,1,0,0,230,149653879.25,101,,-89,1,DATA,0x0001,0xaabb,,0x0006
230,1,1,0,0,231,149657462.9375,6,,-92,1,ACK,,,,
231,1,1,0,0,232,149838321.3125,101,,-86,1,DATA,0x0001,0xaabb,,0x0002
232,1,1,0,0,233,149841905.125,6,,-93,1,ACK,,,,
233,1,1,0,0,234,150008334.125,13,,-95,1,CMD,0x0001,0xaabb,,0x0006
234,1,1,0,0,235,150009101.75,6,,-92,1,ACK,,,,
235,1,1,0,0,236,150011753.5,41,,-92,0,DATA,0x0001,0x0006,,0xaabb
236,1,1,0,0,237,150013417.375,6,,-94,1,ACK,,,,
237,1,1,0,0,238,150017541.875,43,,-94,1,DATA,0x0001,0xaabb,,0x0006
238,1,1,0,0,239,150019269.75,6,,-92,1,ACK,,,,
239,1,1,0,0,240,150838672.5,13,,-94,1,CMD,0x0001,0xaabb,,0x0001
240,1,1,0,0,241,150839440.125,6,,-91,1,ACK,,,,
241,1,1,0,0,242,151030322.625,13,,-80,1,CMD,0x0001,0xaabb,,0x0002
242,1,1,0,0,243,151031090.5,6,,-90,1,ACK,,,,
243,1,1,0,0,244,151034061.25,31,,-90,1,DATA,0x0001,0x0002,,0xaabb
244,1,1,0,0,245,151035404.875,6,,-80,1,ACK,,,,
245,1,1,0,0,246,151039214.5,31,,-80,1,DATA,0x0001,0xaabb,,0x0002
246,1,1,0,0,247,151040558.25,6,,-90,1,ACK,,,,
247,1,1,0,0,248,151453028.125,101,,-87,1,DATA,0x0001,0xaabb,,0x0004
248,1,1,0,0,249,151456611.8125,6,,-90,1,ACK,,,,
249,1,1,0,0,250,151582801.3125,13,,-83,1,CMD,0x0001,0xaabb,,0x0006
250,1,1,0,0,251,151586920.0625,13,,-83,1,CMD,0x0001,0xaabb,,0x0006
251,1,1,0,0,252,151587687.9375,6,,-89,1,ACK,,,,
252,1,1,0,0,253,153166580.5625,101,,-90,1,DATA,0x0001,0xaabb,,0x0003
253,1,1,0,0,254,153170164.25,6,,-95,1,ACK,,,,
254,1,1,0,0,255,154983193.125,13,,-91,1,CMD,0x0001,0xaabb,,0x0003
255,1,1,0,0,256,159202653.625,13,,-89,1,CMD,0x0001,0xaabb,,0x0004
256,1,1,0,0,257,159203421.5,6,,-92,1,ACK,,,,
257,1,1,0,0,258,160438011.75,13,,-98,1,CMD,0x0001,0xaabb,,0x0004
258,1,1,0,0,259,160438779.5,6,,-94,1,ACK,,,,
259,1,1,0,0,260,163068591.625,101,,-92,1,DATA,0x0001,0xaabb,,0x0006
260,1,1,0,0,261,163072175.25,6,,-91,1,ACK,,,,
261,1,1,0,0,262,166868412.0,13,,-91,1,CMD,0x0001,0xaabb,,0x0007
262,1,1,0,0,263,166869180.0,6,,-91,1,ACK,,,,
263,1,1,0,0,264,167017938.0,109,,-73,0,1_OCT_HEADER,0x0001,0xaa8b,,0xe012
264,1,1,0,0,265,167023004.6875,101,,-94,1,DATA,0x0001,0xaabb,,0x0001
265,1,1,0,0,266,167026588.375,6,,-91,1,ACK,,,,
266,1,1,0,0,267,167809251.375,13,,-60,0,CMD,0x52d8,0xe9c9,,0xdb4e
267,1,1,0,0,268,167811451.125,13,,-83,1,CMD,0x0001,0xaabb,,0x0005
268,1,1,0,0,269,167812218.875,6,,-93,1,ACK,,,,
269,1,1,0,0,270,167935716.0,101,,-85,1,DATA,0x0001,0xaabb,,0x0005
270,1,1,0,0,271,167939299.65625,6,,-93,1,ACK,,,,
271,1,1,0,0,272,170009239.78125,13,,-92,1,CMD,0x0001,0xaabb,,0x0006
272,1,1,0,0,273,170010007.40625,6,,-94,1,ACK,,,,
273,1,1,0,0,274,170012018.65625,41,,-93,1,DATA,0x0001,0x0006,,0xaabb
274,1,1,0,0,275,170013682.53125,6,,-92,1,ACK,,,,
275,1,1,0,0,276,170017114.40625,43,,-92,1,DATA,0x0001,0xaabb,,0x0006
276,1,1,0,0,277,170018841.90625,6,,-93,1,ACK,,,,
277,1,1,0,0,278,170716032.53125,6,,-97,1,ACK,,,,
278,1,1,0,0,279,170839163.78125,13,,-93,1,CMD,0x0001,0xaabb,,0x0001
279,1,1,0,0,280,170839931.53125,6,,-97,1,ACK,,,,
280,1,1,0,0,281,171029885.15625,13,,-82,1,CMD,0x0001,0xaabb,,0x0002
281,1,1,0,0,282,171046868.09375,13,,-82,1,CMD,0x0001,0xaabb,,0x0002
282,1,1,0,0,283,171047635.84375,6,,-94,1,ACK,,,,
283,1,1,0,0,284,171586964.9375,13,,-85,1,CMD,0x0001,0xaabb,,0x0006
284,1,1,0,0,285,171587732.6875,6,,-94,1,ACK,,,,
285,1,1,0,0,286,173356907.34375,109,,-73,0,1_OCT_HEADER,0xeea1,0x000fe6c8ac5faccb,,0x3900
286,1,1,0,0,287,173360491.03125,6,,-93,1,ACK,,,,
287,1,1,0,0,288,174986895.90625,13,,-88,1,CMD,0x0001,0xaabb,,0x0003
288,1,1,0,0,289,174987663.53125,6,,-93,1,ACK,,,,
289,1,1,0,0,290,179203288.53125,13,,-88,1,CMD,0x0001,0xaabb,,0x0004
290,1,1,0,0,291,179204056.40625,6,,-97,1,ACK,,,,
291,1,1,0,0,292,179660268.40625,101,,-85,1,DATA,0x0001,0xaabb,,0x0006
292,1,1,0,0,293,179663852.0,6,,-97,1,ACK,,,,
293,1,1,0,0,294,179838225.75,106,,-73,0,DATA,0x0001,0xaabb,,0x0002
294,1,1,0,0,295,179844043.4375,108,,-73,0,CMD,0x0001,0xaabb,,0x0002
295,1,1,0,0,296,179847627.375,6,,-94,1,ACK,,,,
296,1,1,0,0,297,180444953.375,13,,-97,1,CMD,0x0001,0xaabb,,0x0004
297,1,1,0,0,298,180445721.125,6,,-94,1,ACK,,,,
298,1,1,0,0,299,181452438.375,108,,-73,0,CMD,0x0001,0xaabb,,0x0004
299,1,1,0,0,300,181456022.1875,6,,-94,1,ACK,,,,
300,1,1,0,0,301,183174762.0625,6,,-91,1,ACK,,,,
301,1,1,0,0,302,186868543.6875,13,,-88,1,CMD,0x0001,0xaabb,,0x0007
302,1,1,0,0,303,186869311.4375,6,,-96,1,ACK,,,,
303,1,1,0,0,304,187808277.1875,13,,-82,1,CMD,0x0001,0xaabb,,0x0005
304,1,1,0,0,305,187809044.9375,6,,-94,1,ACK,,,,
305,1,1,0,0,306,189946835.8125,101,,-92,1,DATA,0x0001,0xaabb,,0x0006
306,1,1,0,0,307,189950419.375,6,,-93,1,ACK,,,,
307,1,1,0,0,308,190011663.625,13,,-92,1,CMD,0x0001,0xaabb,,0x0006
308,1,1,0,0,309,190012431.125,6,,-92,1,ACK,,,,
309,1,1,0,0,310,190013178.125,41,,-92,1,DATA,0x0001,0x0006,,0xaabb
310,1,1,0,0,311,190014842.0,6,,-92,1,ACK,,,,
311,1,1,0,0,312,190019293.375,43,,-92,1,DATA,0x0001,0xaabb,,0x0006
312,1,1,0,0,313,190021021.125,6,,-93,1,ACK,,,,
313,1,1,0,0,314,190838057.875,13,,-93,1,CMD,0x0001,0xaabb,,0x0001
314,1,1,0,0,315,190838825.5,6,,-93,1,ACK,,,,
315,1,1,0,0,316,191029970.75,13,,-84,1,CMD,0x0001,0xaabb,,0x0002
316,1,1,0,0,317,191030738.625,6,,-93,1,ACK,,,,
317,1,1,0,0,318,191592457.875,13,,-85,1,CMD,0x0001,0xaabb,,0x0006
318,1,1,0,0,319,191593225.75,6,,-96,1,ACK,,,,
319,1,1,0,0,320,194989909.25,6,,-95,1,ACK,,,,
320,1,1,0,0,321,197017124.875,101,,-95,1,DATA,0x0001,0xaabb,,0x0001
321,1,1,0,0,322,197020708.53125,6,,-94,1,ACK,,,,
322,1,1,0,0,323,197935112.6875,101,,-82,1,DATA,0x0001,0xaabb,,0x0005
323,1,1,0,0,324,197938696.40625,6,,-93,1,ACK,,,,
324,1,1,0,0,325,199202292.40625,13,,-87,1,CMD,0x0001,0xaabb,,0x0004
325,1,1,0,0,326,199203060.03125,6,,-94,1,ACK,,,,
326,1,1,0,0,327,200448466.78125,13,,-99,1,CMD,0x0001,0xaabb,,0x0004
327,1,1,0,0,328,200449234.53125,6,,-97,1,ACK,,,,
328,1,1,0,0,329,200719307.40625,101,,-98,1,DATA,0x0001,0xaabb,,0x0004
329,1,1,0,0,330,200722891.0625,6,,-93,1,ACK,,,,
330,1,1,0,0,331,202962121.9375,101,,-93,1,DATA,0x0001,0xaabb,,0x0006
331,1,1,0,0,332,202965705.71875,6,,-90,1,ACK,,,,
332,1,1,0,0,333,203356581.375,109,,-73,0,1_OCT_HEADER,0x6721,,,
333,1,1,0,0,334,203360165.03125,6,,-91,1,ACK,,,,
334,1,1,0,0,335,203361756.90625,101,,-90,1,DATA,0x0001,0xaabb,,0x0007
335,1,1,0,0,336,203367568.65625,101,,-90,1,DATA,0x0001,0xaabb,,0x0007
336,1,1,0,0,337,203371152.3125,6,,-91,1,ACK,,,,
337,1,1,0,0,338,206868153.0625,13,,-90,1,CMD,0x0001,0xaabb,,0x0007
338,1,1,0,0,339,206868920.96875,6,,-93,1,ACK,,,,
339,1,1,0,0,340,207808909.8125,13,,-81,1,CMD,0x0001,0xaabb,,0x0005
340,1,1,0,0,341,207809677.46875,6,,-93,1,ACK,,,,
341,1,1,0,0,342,209667861.5625,101,,-86,1,DATA,0x0001,0xaabb,,0x0006
342,1,1,0,0,343,209671445.125,6,,-94,1,ACK,,,,
343,1,1,0,0,344,209837873.03125,101,,-80,1,DATA,0x0001,0xaabb,,0x0002
344,1,1,0,0,345,209841456.53125,6,,-93,1,ACK,,,,
345,1,1,0,0,346,210012054.03125,6,,-93,1,ACK,,,,
346,1,1,0,0,347,210013106.03125,41,,-93,1,DATA,0x0001,0x0006,,0xaabb
347,1,1,0,0,348,210014769.78125,6,,-96,1,ACK,,,,
348,1,1,0,0,349,210019004.90625,43,,-96,0,DATA,0xffff,0xfdfedefefdfdaaaf,,0xfffeefd9fafffaff
349,1,1,0,0,350,210020732.53125,6,,-93,1,ACK,,,,
350,1,1,0,0,351,210837260.65625,13,,-96,1,CMD,0x0001,0xaabb,,0x0001
351,1,1,0,0,352,210838028.40625,6,,-93,1,ACK,,,,
352,1,1,0,0,353,211032077.90625,6,,-93,1,ACK,,,,
353,1,1,0,0,354,211462612.40625,101,,-87,1,DATA,0x0001,0xaabb,,0x0004
354,1,1,0,0,355,211466196.4375,6,,-94,1,ACK,,,,
355,1,1,0,0,356,211596979.5625,13,,-85,1,CMD,0x0001,0xaabb,,0x0006
356,1,1,0,0,357,211597747.1875,6,,-93,1,ACK,,,,
357,1,1,0,0,358,213180717.4375,6,,-93,1,ACK,,,,
358,1,1,0,0,359,214993640.5625,6,,-96,1,ACK,,,,
359,1,1,0,0,360,214996612.3125,31,,-96,1,DATA,0x0001,0x0003,,0xaabb
360,1,1,0,0,361,219201621.5625,13,,-87,1,CMD,0x0001,0xaabb,,0x0004
361,1,1,0,0,362,219202389.1875,6,,-96,1,ACK,,,,
362,1,1,0,0,363,220456737.0625,13,,-98,1,CMD,0x0001,0xaabb,,0x0004
363,1,1,0,0,364,220457504.8125,6,,-96,1,ACK,,,,
364,1,1,0,0,365,223254463.3125,101,,-100,1,DATA,0x0001,0xaabb,,0x0006
365,1,1,0,0,366,223258047.0625,6,,-94,1,ACK,,,,
366,1,1,0,0,367,226867847.0625,13,,-87,1,CMD,0x0001,0xaabb,,0x0007
367,1,1,0,0,368,226871649.0625,13,,-87,1,CMD,0x0001,0xaabb,,0x0007
368,1,1,0,0,369,226872416.5625,6,,-91,1,ACK,,,,
369,1,1,0,0,370,227018261.4375,101,,-93,1,DATA,0x0001,0xaabb,,0x0001
370,1,1,0,0,371,227021845.25,6,,-93,1,ACK,,,,
371,1,1,0,0,372,227807939.625,13,,-83,1,CMD,0x0001,0xaabb,,0x0005
372,1,1,0,0,373,227808707.5,6,,-93,1,ACK,,,,
373,1,1,0,0,374,227934543.75,101,,-84,1,DATA,0x0001,0xaabb,,0x0005
374,1,1,0,0,375,227939722.6875,101,,-83,1,DATA,0x0001,0xaabb,,0x0005
375,1,1,0,0,376,227943306.375,6,,-92,1,ACK,,,,
376,1,1,0,0,377,230013717.53125,13,,-95,1,CMD,0x0001,0xaabb,,0x0006
377,1,1,0,0,378,230014485.28125,6,,-94,1,ACK,,,,
378,1,1,0,0,379,230016816.53125,41,,-93,1,DATA,0x0001,0x0006,,0xaabb
379,1,1,0,0,380,230018480.28125,6,,-95,1,ACK,,,,
380,1,1,0,0,381,230021335.125,43,,-95,1,DATA,0x0001,0xaabb,,0x0006
381,1,1,0,0,382,230023062.78125,6,,-93,1,ACK,,,,
382,1,1,0,0,383,230728718.03125,108,,-73,0,CMD,0x0001,0xaabb,,0x0004
383,1,1,0,0,384,230734538.3125,107,,-73,0,ACK,,,,
384,1,1,0,0,385,230836442.53125,13,,-94,1,CMD,0x0001,0xaabb,,0x0001
385,1,1,0,0,386,230837210.15625,6,,-96,1,ACK,,,,
386,1,1,0,0,387,231028710.40625,13,,-82,1,CMD,0x0001,0xaabb,,0x0002
387,1,1,0,0,388,231029478.15625,6,,-95,1,ACK,,,,
388,1,1,0,0,389,231602602.40625,13,,-85,1,CMD,0x0001,0xaabb,,0x0006
389,1,1,0,0,390,231603370.15625,6,,-94,1,ACK,,,,
390,1,1,0,0,391,233356245.65625,101,,-86,1,DATA,0x0001,0xaabb,,0x0007
391,1,1,0,0,392,233359829.3125,6,,-92,1,ACK,,,,
392,1,1,0,0,393,234995508.1875,13,,-90,1,CMD,0x0001,0xaabb,,0x0003
393,1,1,0,0,394,234996275.9375,6,,-93,1,ACK,,,,
394,1,1,0,0,395,239200941.5625,13,,-87,1,CMD,0x0001,0xaabb,,0x0004
395,1,1,0,0,396,239201709.0625,6,,-92,1,ACK,,,,
396,1,1,0,0,397,239675770.9375,101,,-87,1,DATA,0x0001,0xaabb,,0x0006
397,1,1,0,0,398,239681266.875,101,,-85,1,DATA,0x0001,0xaabb,,0x0006
398,1,1,0,0,399,239688164.5625,101,,-87,1,DATA,0x0001,0xaabb,,0x0006
399,1,1,0,0,400,239691748.0625,6,,-93,1,ACK,,,,
400,1,1,0,0,401,239835249.6875,101,,-87,1,DATA,0x0001,0xaabb,,0x0002
401,1,1,0,0,402,239838833.34375,6,,-92,1,ACK,,,,
402,1,1,0,0,403,240118927.84375,101,,-91,1,DATA,0x0001,0xaabb,,0x0006
403,1,1,0,0,404,240122511.53125,6,,-93,1,ACK,,,,
404,1,1,0,0,405,240462936.15625,13,,-96,1,CMD,0x0001,0xaabb,,0x0004
405,1,1,0,0,406,240463703.78125,6,,-92,1,ACK,,,,
406,1,1,0,0,407,241451265.78125,101,,-88,1,DATA,0x0001,0xaabb,,0x0004
407,1,1,0,0,408,241454849.6875,6,,-93,1,ACK,,,,
408,1,1,0,0,409,243188503.1875,101,,-91,1,DATA,0x0001,0xaabb,,0x0003
409,1,1,0,0,410,243192086.6875,6,,-92,1,ACK,,,,
410,1,1,0,0,411,246867218.28125,13,,-97,1,CMD,0x0001,0xaabb,,0x0007
411,1,1,0,0,412,246867986.1875,6,,-94,1,ACK,,,,
412,1,1,0,0,413,247806655.28125,13,,-81,1,CMD,0x0001,0xaabb,,0x0005
413,1,1,0,0,414,247807423.1875,6,,-94,1,ACK,,,,
414,1,1,0,0,415,250014825.6875,6,,-93,1,ACK,,,,
415,1,1,0,0,416,250020982.03125,43,,-98,1,DATA,0x0001,0xaabb,,0x0006
416,1,1,0,0,417,250022709.6875,6,,-93,1,ACK,,,,
417,1,1,0,0,418,250836579.53125,13,,-93,1,CMD,0x0001,0xaabb,,0x0001
418,1,1,0,0,419,250837347.1875,6,,-94,1,ACK,,,,
419,1,1,0,0,420,251029953.4375,13,,-83,1,CMD,0x0001,0xaabb,,0x0002
420,1,1,0,0,421,251030721.28125,6,,-93,1,ACK,,,,
421,1,1,0,0,422,251607402.28125,13,,-88,1,CMD,0x0001,0xaabb,,0x0006
422,1,1,0,0,423,251608170.03125,6,,-94,1,ACK,,,,
423,1,1,0,0,424,254998966.78125,13,,-91,1,CMD,0x0001,0xaabb,,0x0003
424,1,1,0,0,425,254999734.28125,6,,-93,1,ACK,,,,
425,1,1,0,0,426,257017448.78125,101,,-93,1,DATA,0x0001,0xaabb,,0x0001
426,1,1,0,0,427,257021032.34375,6,,-93,1,ACK,,,,
427,1,1,0,0,428,257935221.84375,101,,-80,1,DATA,0x0001,0xaabb,,0x0005
428,1,1,0,0,429,257942318.59375,101,,-80,1,DATA,0x0001,0xaabb,,0x0005
429,1,1,0,0,430,257948450.9375,101,,-80,1,DATA,0x0001,0xaabb,,0x0005
430,1,1,0,0,431,257952034.5,6,,-94,1,ACK,,,,
431,1,1,0,0,432,258227819.0,101,,-98,1,DATA,0x0001,0xaabb,,0x0006
432,1,1,0,0,433,258231402.46875,6,,-96,1,ACK,,,,
433,1,1,0,0,434,259201220.84375,13,,-87,1,CMD,0x0001,0xaabb,,0x0004
434,1,1,0,0,435,259205341.09375,13,,-87,1,CMD,0x0001,0xaabb,,0x0004
435,1,1,0,0,436,259206109.21875,6,,-94,1,ACK,,,,
436,1,1,0,0,437,260468073.34375,13,,-96,1,CMD,0x0001,0xaabb,,0x0004
437,1,1,0,0,438,260468841.09375,6,,-95,1,ACK,,,,
438,1,1,0,0,439,260737672.09375,101,,-96,1,DATA,0x0001,0xaabb,,0x0004
439,1,1,0,0,440,260741255.90625,6,,-93,1,ACK,,,,
440,1,1,0,0,441,263360805.5625,6,,-94,1,ACK,,,,
441,1,1,0,0,442,266869838.90625,13,,-96,1,CMD,0x0001,0xaabb,,0x0007
442,1,1,0,0,443,266870606.65625,6,,-93,1,ACK,,,,
443,1,1,0,0,444,267806640.15625,13,,-82,1,CMD,0x0001,0xaabb,,0x0005
444,1,1,0,0,445,267807407.8125,6,,-93,1,ACK,,,,
445,1,1,0,0,446,269683413.0625,101,,-88,1,DATA,0x0001,0xaabb,,0x0006
446,1,1,0,0,447,269686996.84375,6,,-93,1,ACK,,,,
447,1,1,0,0,448,269834696.09375,101,,-82,1,DATA,0x0001,0xaabb,,0x0002
448,1,1,0,0,449,269838279.8125,6,,-94,1,ACK,,,,
449,1,1,0,0,450,270014071.1875,13,,-94,1,CMD,0x0001,0xaabb,,0x0006
450,1,1,0,0,451,270014838.9375,6,,-94,1,ACK,,,,
451,1,1,0,0,452,270015586.9375,41,,-61,0,DATA,0x0001,0x0006,,0xaabb
452,1,1,0,0,453,270017250.6875,6,,-95,1,ACK,,,,
453,1,1,0,0,454,270021091.9375,43,,-95,1,DATA,0x0001,0xaabb,,0x0006
454,1,1,0,0,455,270022819.6875,6,,-94,1,ACK,,,,
455,1,1,0,0,456,270218429.1875,101,,-98,1,DATA,0x0001,0xaabb,,0x0006
456,1,1,0,0,457,270222012.875,6,,-94,1,ACK,,,,
457,1,1,0,0,458,270835110.25,13,,-93,1,CMD,0x0001,0xaabb,,0x0001
458,1,1,0,0,459,270835877.875,6,,-96,1,ACK,,,,
459,1,1,0,0,460,271029684.0,13,,-85,1,CMD,0x0001,0xaabb,,0x0002
460,1,1,0,0,461,271030451.625,6,,-94,1,ACK,,,,
461,1,1,0,0,462,271450056.125,101,,-87,1,DATA,0x0001,0xaabb,,0x0004
462,1,1,0,0,463,271453639.96875,6,,-94,1,ACK,,,,
463,1,1,0,0,464,271614604.46875,13,,-86,1,CMD,0x0001,0xaabb,,0x0006
464,1,1,0,0,465,271615372.21875,6,,-93,1,ACK,,,,
465,1,1,0,0,466,273186780.84375,107,,-73,0,ACK,,,,
466,1,1,0,0,467,273190364.53125,6,,-93,1,ACK,,,,
467,1,1,0,0,468,275001946.40625,13,,-91,1,CMD,0x0001,0xaabb,,0x0003
468,1,1,0,0,469,279199895.90625,13,,-87,1,CMD,0x0001,0xaabb,,0x0004
469,1,1,0,0,470,279200663.40625,6,,-94,1,ACK,,,,
470,1,1,0,0,471,279201714.90625,31,,-94,1,DATA,0x0001,0x0004,,0xaabb
471,1,1,0,0,472,279203058.65625,6,,-87,1,ACK,,,,
472,1,1,0,0,473,279206231.90625,31,,-87,1,DATA,0x0001,0xaabb,,0x0004
473,1,1,0,0,474,279207575.90625,6,,-95,1,ACK,,,,
474,1,1,0,0,475,280473149.28125,13,,-97,1,CMD,0x0001,0xaabb,,0x0004
475,1,1,0,0,476,280473917.03125,6,,-96,1,ACK,,,,
476,1,1,0,0,477,286868565.15625,13,,-87,1,CMD,0x0001,0xaabb,,0x0007
477,1,1,0,0,478,286869333.03125,6,,-94,1,ACK,,,,
478,1,1,0,0,479,287016657.40625,101,,-90,1,DATA,0x0001,0xaabb,,0x0001
479,1,1,0,0,480,287020240.9375,6,,-95,1,ACK,,,,
480,1,1,0,0,481,287805675.8125,13,,-84,0,CMD,0x0001,0xaabb,,0x0005
481,1,1,0,0,482,287806443.5625,6,,-93,1,ACK,,,,
482,1,1,0,0,483,287934648.9375,101,,-81,1,DATA,0x0001,0xaabb,,0x0005
483,1,1,0,0,484,287941744.34375,101,,-81,1,DATA,0x0001,0xaabb,,0x0005
484,1,1,0,0,485,287945328.0625,6,,-95,1,ACK,,,,
485,1,1,0,0,486,290015852.1875,13,,-93,1,CMD,0x0001,0xaabb,,0x0006
486,1,1,0,0,487,290016619.8125,6,,-93,1,ACK,,,,
487,1,1,0,0,488,290019591.3125,41,,-94,1,DATA,0x0001,0x0006,,0xaabb
488,1,1,0,0,489,290021255.0625,6,,-93,1,ACK,,,,
489,1,1,0,0,490,290025386.9375,43,,-93,1,DATA,0x0001,0xaabb,,0x0006
490,1,1,0,0,491,290027114.8125,6,,-93,1,ACK,,,,
491,1,1,0,0,492,290745700.5625,101,,-97,1,DATA,0x0001,0xaabb,,0x0004
492,1,1,0,0,493,290749284.375,6,,-94,1,ACK,,,,
493,1,1,0,0,494,290834925.28125,13,,-93,1,CMD,0x0001,0xaabb,,0x0001
494,1,1,0,0,495,290835693.03125,6,,-93,1,ACK,,,,
495,1,1,0,0,496,291038618.53125,13,,-80,1,CMD,0x0001,0xaabb,,0x0002
496,1,1,0,0,497,291039386.28125,6,,-93,1,ACK,,,,
497,1,1,0,0,498,291619724.78125,13,,-85,1,CMD,0x0001,0xaabb,,0x0006
498,1,1,0,0,499,291620492.375,6,,-93,1,ACK,,,,
499,1,1,0,0,500,293356876.875,101,,-90,1,DATA,0x0001,0xaabb,,0x0007
500,1,1,0,0,501,293360460.9375,6,,-98,1,ACK,,,,
501,1,1,0,0,502,295005652.9375,13,,-91,1,CMD,0x0001,0xaabb,,0x0003
502,1,1,0,0,503,299199855.1875,13,,-91,1,CMD,0x0001,0xaabb,,0x0004
503,1,1,0,0,504,299200622.9375,6,,-93,1,ACK,,,,
504,1,1,0,0,505,299690647.6875,104,,-73,0,RFID_BLINK,0x0001,0xaabb,,0x0006
505,1,1,0,0,506,299696146.375,101,,-91,1,DATA,0x0001,0xaabb,,0x0006
506,1,1,0,0,507,299699730.0625,6,,-93,1,ACK,,,,
507,1,1,0,0,508,299834737.4375,107,,-73,0,ACK,,,,
508,1,1,0,0,509,299839802.28125,101,,-86,1,DATA,0x0001,0xaabb,,0x0002
509,1,1,0,0,510,299843385.8125,6,,-93,1,ACK,,,,
510,1,1,0,0,511,300478889.3125,13,,-95,1,CMD,0x0001,0xaabb,,0x0004
511,1,1,0,0,512,300479657.15625,6,,-93,1,ACK,,,,
512,1,1,0,0,513,301455082.40625,101,,-91,1,DATA,0x0001,0xaabb,,0x0004
513,1,1,0,0,514,301458666.28125,6,,-93,1,ACK,,,,
514,1,1,0,0,515,303191281.15625,101,,-91,1,DATA,0x0001,0xaabb,,0x0003
515,1,1,0,0,516,303194865.125,6,,-94,1,ACK,,,,
516,1,1,0,0,517,305761440.25,19,,-96,1,CMD,0xffff,0xffff,,0x00124b0014f64104
517,1,1,0,0,518,306866660.5,13,,-87,1,CMD,0x0001,0xaabb,,0x0007
518,1,1,0,0,519,306867428.25,6,,-93,1,ACK,,,,
519,1,1,0,0,520,307805665.0,13,,-82,1,CMD,0x0001,0xaabb,,0x0005
520,1,1,0,0,521,307806432.75,6,,-91,1,ACK,,,,
521,1,1,0,0,522,310021907.875,13,,-95,1,CMD,0x0001,0xaabb,,0x0006
522,1,1,0,0,523,310022675.5,6,,-94,1,ACK,,,,
523,1,1,0,0,524,310024366.75,41,,-94,1,DATA,0x0001,0x0006,,0xaabb
524,1,1,0,0,525,310026030.5,6,,-95,1,ACK,,,,
525,1,1,0,0,526,310030159.75,43,,-95,1,DATA,0x0001,0xaabb,,0x0006
526,1,1,0,0,527,310031887.375,6,,-94,1,ACK,,,,
527,1,1,0,0,528,310833780.875,13,,-93,1,CMD,0x0001,0xaabb,,0x0001
528,1,1,0,0,529,310834548.375,6,,-93,1,ACK,,,,
529,1,1,0,0,530,311028874.0,13,,-84,1,CMD,0x0001,0xaabb,,0x0002
530,1,1,0,0,531,311029642.0,6,,-93,1,ACK,,,,
531,1,1,0,0,532,311624275.375,13,,-91,1,CMD,0x0001,0xaabb,,0x0006
532,1,1,0,0,533,311625043.0,6,,-93,1,ACK,,,,
533,1,1,0,0,534,315010679.0,13,,-90,1,CMD,0x0001,0xaabb,,0x0003
534,1,1,0,0,535,315011446.75,6,,-93,1,ACK,,,,
535,1,1,0,0,536,317014564.125,101,,-93,1,DATA,0x0001,0xaabb,,0x0001
536,1,1,0,0,537,317018147.78125,6,,-94,1,ACK,,,,
537,1,1,0,0,538,317934046.15625,107,,-73,0,ACK,,,,
538,1,1,0,0,539,317937629.96875,6,,-93,1,ACK,,,,
539,1,1,0,0,540,319198856.34375,13,,-91,1,CMD,0x0001,0xaabb,,0x0004
540,1,1,0,0,541,319199623.96875,6,,-93,1,ACK,,,,
541,1,1,0,0,542,320482961.34375,13,,-96,1,CMD,0x0001,0xaabb,,0x0004
542,1,1,0,0,543,320483728.84375,6,,-93,1,ACK,,,,
543,1,1,0,0,544,320754918.59375,108,,-73,0,CMD,0x0001,0xaabb,,0x0004
544,1,1,0,0,545,320761058.03125,101,,-96,1,DATA,0x0001,0xaabb,,0x0004
545,1,1,0,0,546,320764641.5625,6,,-92,1,ACK,,,,
546,1,1,0,0,547,322823602.46875,101,,-95,1,DATA,0x0001,0xaabb,,0x0006
547,1,1,0,0,548,322827185.84375,6,,-93,1,ACK,,,,
548,1,1,0,0,549,323356535.46875,101,,-90,1,DATA,0x0001,0xaabb,,0x0007
549,1,1,0,0,550,323360119.03125,6,,-93,1,ACK,,,,
550,1,1,0,0,551,323801316.03125,19,,-95,1,CMD,0xffff,0xffff,,0x00124b0014f64244
551,1,1,0,0,552,326868517.53125,13,,-89,1,CMD,0x0001,0xaabb,,0x0007
552,1,1,0,0,553,326869285.40625,6,,-92,1,ACK,,,,
553,1,1,0,0,554,327804890.03125,13,,-85,1,CMD,0x0001,0xaabb,,0x0005
554,1,1,0,0,555,327808050.28125,13,,-85,1,CMD,0x0001,0xaabb,,0x0005
555,1,1,0,0,556,327808818.03125,6,,-92,1,ACK,,,,
556,1,1,0,0,557,329698321.90625,101,,-91,1,DATA,0x0001,0xaabb,,0x0006
557,1,1,0,0,558,329701905.71875,6,,-93,1,ACK,,,,
558,1,1,0,0,559,329834833.34375,101,,-81,1,DATA,0x0001,0xaabb,,0x0002
559,1,1,0,0,560,329838416.90625,6,,-93,1,ACK,,,,
560,1,1,0,0,561,330015778.0,13,,-95,1,CMD,0x0001,0xaabb,,0x0006
561,1,1,0,0,562,330016545.5,6,,-93,1,ACK,,,,
562,1,1,0,0,563,330017917.25,41,,-93,1,DATA,0x0001,0x0006,,0xaabb
563,1,1,0,0,564,330019581.0,6,,-95,1,ACK,,,,
564,1,1,0,0,565,330022115.5,43,,-96,1,DATA,0x0001,0xaabb,,0x0006
565,1,1,0,0,566,330023843.40625,6,,-93,1,ACK,,,,
566,1,1,0,0,567,330833600.90625,13,,-93,1,CMD,0x0001,0xaabb,,0x0001
567,1,1,0,0,568,330834368.75,6,,-93,1,ACK,,,,
568,1,1,0,0,569,331030335.0,13,,-82,1,CMD,0x0001,0xaabb,,0x0002
569,1,1,0,0,570,331036343.40625,13,,-83,1,CMD,0x0001,0xaabb,,0x0002
570,1,1,0,0,571,331037111.15625,6,,-93,1,ACK,,,,
571,1,1,0,0,572,331448883.65625,101,,-90,1,DATA,0x0001,0xaabb,,0x0004
572,1,1,0,0,573,331452467.03125,6,,-93,1,ACK,,,,
573,1,1,0,0,574,331633407.90625,13,,-93,1,CMD,0x0001,0xaabb,,0x0006
574,1,1,0,0,575,331634175.65625,6,,-93,1,ACK,,,,
575,1,1,0,0,576,333200018.28125,6,,-93,1,ACK,,,,
576,1,1,0,0,577,335013532.03125,13,,-91,1,CMD,0x0001,0xaabb,,0x0003
577,1,1,0,0,578,335014299.90625,6,,-69,0,RFID_BLINK,0x6904,unavailable,,unavailable
578,1,1,0,0,579,339198813.90625,13,,-87,1,CMD,0x0001,0xaabb,,0x0004
579,1,1,0,0,580,339199581.53125,6,,-95,1,ACK,,,,
580,1,1,0,0,581,339622464.03125,106,,-73,0,DATA,0x0001,0xaabb,,0x0006
581,1,1,0,0,582,339628280.09375,101,,-94,1,DATA,0x0001,0xaabb,,0x0006
582,1,1,0,0,583,339631863.65625,6,,-94,1,ACK,,,,
583,1,1,0,0,584,340486990.65625,13,,-98,1,CMD,0x0001,0xaabb,,0x0004
584,1,1,0,0,585,340487758.28125,6,,-97,1,ACK,,,,
585,1,1,0,0,586,342706276.65625,19,,-90,1,CMD,0xffff,0xffff,,0x00124b001ca1739e
586,1,1,0,0,587,346868019.78125,13,,-88,1,CMD,0x0001,0xaabb,,0x0007
587,1,1,0,0,588,346868787.65625,6,,-92,1,ACK,,,,
588,1,1,0,0,589,347013774.65625,101,,-93,1,DATA,0x0001,0xaabb,,0x0001
589,1,1,0,0,590,347017358.34375,6,,-93,1,ACK,,,,
590,1,1,0,0,591,347804678.09375,13,,-81,1,CMD,0x0001,0xaabb,,0x0005
591,1,1,0,0,592,347805445.84375,6,,-93,1,ACK,,,,
592,1,1,0,0,593,347806193.84375,31,,-93,1,DATA,0x0001,0x0005,,0xaabb
593,1,1,0,0,594,347807537.84375,6,,-81,1,ACK,,,,
594,1,1,0,0,595,347809320.71875,31,,-81,1,DATA,0x0001,0xaabb,,0x0005
595,1,1,0,0,596,347810664.59375,6,,-93,1,ACK,,,,
596,1,1,0,0,597,347933444.09375,108,,-73,0,CMD,0x0001,0xaabb,,0x0005
597,1,1,0,0,598,347937027.90625,6,,-92,1,ACK,,,,
598,1,1,0,0,599,350016990.15625,13,,-97,1,CMD,0x0001,0xaabb,,0x0006
599,1,1,0,0,600,350017757.78125,6,,-93,1,ACK,,,,
600,1,1,0,0,601,350018504.65625,41,,-93,1,DATA,0x0001,0x0006,,0xaabb
601,1,1,0,0,602,350020168.53125,6,,-97,1,ACK,,,,
602,1,1,0,0,603,350023008.15625,43,,-97,1,DATA,0x0001,0xaabb,,0x0006
603,1,1,0,0,604,350024735.90625,6,,-93,1,ACK,,,,
604,1,1,0,0,605,350759988.03125,101,,-97,1,DATA,0x0001,0xaabb,,0x0004
605,1,1,0,0,606,350763571.90625,6,,-93,1,ACK,,,,
606,1,1,0,0,607,350832652.53125,13,,-93,1,CMD,0x0001,0xaabb,,0x0001
607,1,1,0,0,608,350833420.15625,6,,-93,1,ACK,,,,
608,1,1,0,0,609,351028821.28125,13,,-80,1,CMD,0x0001,0xaabb,,0x0002
609,1,1,0,0,610,351029588.90625,6,,-93,1,ACK,,,,
610,1,1,0,0,611,351634882.78125,13,,-92,1,CMD,0x0001,0xaabb,,0x0006
611,1,1,0,0,612,351635650.78125,6,,-93,1,ACK,,,,
612,1,1,0,0,613,353356209.03125,101,,-89,1,DATA,0x0001,0xaabb,,0x0007
613,1,1,0,0,614,353359793.0,6,,-93,1,ACK,,,,
614,1,1,0,0,615,355018296.15625,13,,-90,1,CMD,0x0001,0xaabb,,0x0003
615,1,1,0,0,616,355019063.90625,6,,-94,1,ACK,,,,
616,1,1,0,0,617,359198014.90625,13,,-86,1,CMD,0x0001,0xaabb,,0x0004
617,1,1,0,0,618,359198782.65625,6,,-95,1,ACK,,,,
618,1,1,0,0,619,359705968.25,101,,-91,1,DATA,0x0001,0xaabb,,0x0006
619,1,1,0,0,620,359836967.3125,101,,-83,1,DATA,0x0001,0xaabb,,0x0002
620,1,1,0,0,621,359840550.9375,6,,-94,1,ACK,,,,
621,1,1,0,0,622,360489523.8125,13,,-98,1,CMD,0x0001,0xaabb,,0x0004
622,1,1,0,0,623,360490291.6875,6,,-94,1,ACK,,,,
623,1,1,0,0,624,361203115.8125,101,,-97,1,DATA,0x0001,0xaabb,,0x0006
624,1,1,0,0,625,361206699.25,6,,-94,1,ACK,,,,
625,1,1,0,0,626,361448286.25,101,,-87,1,DATA,0x0001,0xaabb,,0x0004
626,1,1,0,0,627,361451870.09375,6,,-94,1,ACK,,,,
627,1,1,0,0,628,363202126.34375,101,,-90,1,DATA,0x0001,0xaabb,,0x0003
628,1,1,0,0,629,363205710.0,6,,-92,1,ACK,,,,
629,1,1,0,0,630,366867320.125,13,,-87,1,CMD,0x0001,0xaabb,,0x0007
630,1,1,0,0,631,366868088.0,6,,-95,1,ACK,,,,
631,1,1,0,0,632,367805916.0,13,,-82,1,CMD,0x0001,0xaabb,,0x0005
632,1,1,0,0,633,367806683.875,6,,-93,1,ACK,,,,
633,1,1,0,0,634,367812230.5,13,,-82,1,CMD,0x0001,0xaabb,,0x0005
634,1,1,0,0,635,367812998.125,6,,-93,1,ACK,,,,
635,1,1,0,0,636,367814119.625,13,,-82,1,CMD,0x0001,0xaabb,,0x0005
636,1,1,0,0,637,367814887.625,6,,-93,1,ACK,,,,
637,1,1,0,0,638,367817272.125,13,,-82,1,CMD,0x0001,0xaabb,,0x0005
638,1,1,0,0,639,367818039.875,6,,-93,1,ACK,,,,
639,1,1,0,0,640,367819785.625,13,,-82,1,CMD,0x0001,0xaabb,,0x0005
640,1,1,0,0,641,367820553.5,6,,-93,1,ACK,,,,
641,1,1,0,0,642,368323054.5,13,,-85,1,CMD,0x0001,0xaabb,,0x0005
642,1,1,0,0,643,368323822.375,6,,-95,1,ACK,,,,
643,1,1,0,0,644,370017111.375,13,,-93,1,CMD,0x0001,0xaabb,,0x0006
644,1,1,0,0,645,370017879.0,6,,-90,1,ACK,,,,
645,1,1,0,0,646,370020850.0,41,,-90,1,DATA,0x0001,0x0006,,0xaabb
646,1,1,0,0,647,370022513.75,6,,-93,1,ACK,,,,
647,1,1,0,0,648,370832264.75,13,,-92,1,CMD,0x0001,0xaabb,,0x0001
648,1,1,0,0,649,370833032.125,6,,-91,1,ACK,,,,
649,1,1,0,0,650,371029294.75,13,,-80,1,CMD,0x0001,0xaabb,,0x0002
650,1,1,0,0,651,371030062.375,6,,-91,1,ACK,,,,
651,1,1,0,0,652,371639847.875,13,,-85,1,CMD,0x0001,0xaabb,,0x0006
652,1,1,0,0,653,371640615.625,6,,-92,1,ACK,,,,
653,1,1,0,0,654,375021336.0,13,,-89,1,CMD,0x0001,0xaabb,,0x0003
654,1,1,0,0,655,375022103.5,6,,-91,1,ACK,,,,
655,1,1,0,0,656,377012949.5,101,,-91,1,DATA,0x0001,0xaabb,,0x0001
656,1,1,0,0,657,377016533.09375,6,,-93,1,ACK,,,,
657,1,1,0,0,658,377932527.09375,101,,-79,1,DATA,0x0001,0xaabb,,0x0005
658,1,1,0,0,659,377938348.78125,109,,-73,0,1_OCT_HEADER,0x0001,0xaabb,,0x0005
659,1,1,0,0,660,377941932.46875,6,,-93,1,ACK,,,,
660,1,1,0,0,661,378698310.5625,105,,-73,0,BCN,0x0001,0xaabb,,0x0006
661,1,1,0,0,662,379197771.375,13,,-91,1,CMD,0x0001,0xaabb,,0x0004
662,1,1,0,0,663,379198539.25,6,,-92,1,ACK,,,,
663,1,1,0,0,664,380493130.375,13,,-99,1,CMD,0x0001,0xaabb,,0x0004
664,1,1,0,0,665,380493898.0,6,,-92,1,ACK,,,,
665,1,1,0,0,666,380768540.375,6,,-91,1,ACK,,,,
666,1,1,0,0,667,383355546.5,109,,-73,0,1_OCT_HEADER,0x0001,0xaabb,,0x0007
667,1,1,0,0,668,383359130.1875,6,,-73,0,ACK,,,,
668,1,1,0,0,669,383362769.5625,101,,-92,1,DATA,0x0001,0xaabb,,0x0007
669,1,1,0,0,670,383366353.34375,6,,-91,1,ACK,,,,
670,1,1,0,0,671,386867969.21875,13,,-90,1,CMD,0x0001,0xaabb,,0x0007
671,1,1,0,0,672,386868737.21875,6,,-93,1,ACK,,,,
672,1,1,0,0,673,388324761.09375,13,,-84,1,CMD,0x0001,0xaabb,,0x0005
673,1,1,0,0,674,388325528.71875,6,,-95,1,ACK,,,,
674,1,1,0,0,675,389715512.71875,109,,-73,0,1_OCT_HEADER,0x0001,0xaabb,,0x0006
675,1,1,0,0,676,389726899.15625,101,,-88,1,DATA,0x0001,0xaabb,,0x0006
676,1,1,0,0,677,389730482.84375,6,,-95,1,ACK,,,,
677,1,1,0,0,678,389836994.09375,106,,-73,0,DATA,0x0001,0xaabb,,0x0002
678,1,1,0,0,679,389840577.65625,6,,-95,1,ACK,,,,
679,1,1,0,0,680,390018387.65625,13,,-91,0,CMD,0x0001,0xaabb,,0x0006
680,1,1,0,0,681,390019155.40625,6,,-94,0,ACK,,,,
681,1,1,0,0,682,390021486.90625,41,,-95,1,DATA,0x0001,0x0006,,0xaabb
682,1,1,0,0,683,390023150.65625,6,,-96,1,ACK,,,,
683,1,1,0,0,684,390027538.78125,43,,-95,1,DATA,0x0001,0xaabb,,0x0006
684,1,1,0,0,685,390029266.40625,6,,-95,1,ACK,,,,
685,1,1,0,0,686,390833358.15625,13,,-94,1,CMD,0x0001,0xaabb,,0x0001
686,1,1,0,0,687,390834125.78125,6,,-94,1,ACK,,,,
687,1,1,0,0,688,391028777.90625,13,,-82,1,CMD,0x0001,0xaabb,,0x0002
688,1,1,0,0,689,391029545.53125,6,,-94,1,ACK,,,,
689,1,1,0,0,690,391448988.65625,101,,-91,1,DATA,0x0001,0xaabb,,0x0004
690,1,1,0,0,691,391452572.375,6,,-93,1,ACK,,,,
691,1,1,0,0,692,391645446.875,13,,-87,1,CMD,0x0001,0xaabb,,0x0006
692,1,1,0,0,693,391646214.625,6,,-93,1,ACK,,,,
693,1,1,0,0,694,393027095.0,108,,-73,0,CMD,0x0001,0xaabb,,0x0006
694,1,1,0,0,695,393030678.8125,6,,-93,1,ACK,,,,
695,1,1,0,0,696,393207292.0625,101,,-88,1,DATA,0x0001,0xaabb,,0x0003
696,1,1,0,0,697,393210875.625,6,,-93,1,ACK,,,,
697,1,1,0,0,698,395024549.5,13,,-87,1,CMD,0x0001,0xaabb,,0x0003
698,1,1,0,0,699,395025317.25,6,,-93,1,ACK,,,,
699,1,1,0,0,700,399199040.375,13,,-92,1,CMD,0x0001,0xaabb,,0x0004
700,1,1,0,0,701,399199807.875,6,,-90,1,ACK,,,,
701,1,1,0,0,702,400495513.0,13,,-98,1,CMD,0x0001,0xaabb,,0x0004
702,1,1,0,0,703,400496280.625,6,,-93,1,ACK,,,,
703,1,1,0,0,704,406867173.375,13,,-91,1,CMD,0x0001,0xaabb,,0x0007
704,1,1,0,0,705,406867940.875,6,,-93,1,ACK,,,,
705,1,1,0,0,706,407015718.125,6,,-94,1,ACK,,,,
706,1,1,0,0,707,407931917.875,101,,-81,1,DATA,0x0001,0xaabb,,0x0005
707,1,1,0,0,708,407935501.53125,6,,-91,1,ACK,,,,
708,1,1,0,0,709,408324110.65625,13,,-80,1,CMD,0x0001,0xaabb,,0x0005
709,1,1,0,0,710,408324878.53125,6,,-91,1,ACK,,,,
710,1,1,0,0,711,410023056.15625,13,,-93,1,CMD,0x0001,0xaabb,,0x0006
711,1,1,0,0,712,410023823.90625,6,,-93,1,ACK,,,,
712,1,1,0,0,713,410026155.40625,41,,-93,1,DATA,0x0001,0x0006,,0xaabb
713,1,1,0,0,714,410027819.28125,6,,-93,1,ACK,,,,
714,1,1,0,0,715,410030388.28125,43,,-93,0,DATA,0x0001,0xaabb,,0x0006
715,1,1,0,0,716,410771472.53125,6,,-91,1,ACK,,,,
716,1,1,0,0,717,410832217.53125,13,,-93,1,CMD,0x0001,0xaabb,,0x0001
717,1,1,0,0,718,410832985.28125,6,,-91,1,ACK,,,,
718,1,1,0,0,719,411029259.53125,13,,-79,1,CMD,0x0001,0xaabb,,0x0002
719,1,1,0,0,720,411030027.53125,6,,-91,1,ACK,,,,
720,1,1,0,0,721,411651466.15625,13,,-89,1,CMD,0x0001,0xaabb,,0x0006
721,1,1,0,0,722,411652233.90625,6,,-93,1,ACK,,,,
722,1,1,0,0,723,411653924.65625,31,,-93,1,DATA,0x0001,0x0006,,0xaabb
723,1,1,0,0,724,411655268.40625,6,,-89,1,ACK,,,,
724,1,1,0,0,725,411657049.03125,31,,-89,0,DATA,0x0001,0xaabb,,0x0006
725,1,1,0,0,726,411660948.03125,31,,-89,1,DATA,0x0001,0xaabb,,0x0006
726,1,1,0,0,727,411662292.28125,6,,-93,1,ACK,,,,
727,1,1,0,0,728,413361053.15625,101,,-91,1,DATA,0x0001,0xaabb,,0x0007
728,1,1,0,0,729,413366544.65625,101,,-92,1,DATA,0x0001,0xaabb,,0x0007
729,1,1,0,0,730,413370128.4375,6,,-92,1,ACK,,,,
730,1,1,0,0,731,415027766.8125,13,,-89,1,CMD,0x0001,0xaabb,,0x0003
731,1,1,0,0,732,415028534.8125,6,,-93,1,ACK,,,,
732,1,1,0,0,733,419198074.3125,13,,-90,1,CMD,0x0001,0xaabb,,0x0004
733,1,1,0,0,734,419198841.9375,6,,-98,1,ACK,,,,
734,1,1,0,0,735,419723541.9375,101,,-87,1,DATA,0x0001,0xaabb,,0x0006
735,1,1,0,0,736,419727125.375,6,,-95,1,ACK,,,,
736,1,1,0,0,737,419837270.875,104,,-73,0,RFID_BLINK,0x0001,0xaabb,,0x0002
737,1,1,0,0,738,419840854.8125,6,,-93,1,ACK,,,,
738,1,1,0,0,739,420498640.8125,13,,-98,1,CMD,0x0001,0xaabb,,0x0004
739,1,1,0,0,740,420499408.4375,6,,-95,1,ACK,,,,
740,1,1,0,0,741,421448384.8125,107,,-136,0,ACK,,,,
741,1,1,0,0,742,421455481.125,101,,-90,1,DATA,0x0001,0xaabb,,0x0004
742,1,1,0,0,743,421459064.90625,6,,-96,1,ACK,,,,
743,1,1,0,0,744,423214003.03125,106,,-73,0,DATA,0x0001,0xaabb,,0x0003
744,1,1,0,0,745,423217586.625,6,,-96,1,ACK,,,,
745,1,1,0,0,746,426191076.375,101,,-92,1,DATA,0x0001,0xaabb,,0x0006
746,1,1,0,0,747,426194659.8125,6,,-91,1,ACK,,,,
747,1,1,0,0,748,426866056.0625,13,,-91,1,CMD,0x0001,0xaabb,,0x0007
748,1,1,0,0,749,426866823.65625,6,,-94,1,ACK,,,,
749,1,1,0,0,750,428323145.40625,13,,-87,1,CMD,0x0001,0xaabb,,0x0005
750,1,1,0,0,751,428323913.3125,6,,-93,1,ACK,,,,
751,1,1,0,0,752,430020266.40625,13,,-93,1,CMD,0x0001,0xaabb,,0x0006
752,1,1,0,0,753,430021034.15625,6,,-95,1,ACK,,,,
753,1,1,0,0,754,430021781.3125,41,,-94,1,DATA,0x0001,0x0006,,0xaabb
754,1,1,0,0,755,430023445.15625,6,,-93,1,ACK,,,,
755,1,1,0,0,756,430025851.0625,43,,-93,1,DATA,0x0001,0xaabb,,0x0006
756,1,1,0,0,757,430027578.8125,6,,-95,1,ACK,,,,
757,1,1,0,0,758,430836958.65625,13,,-92,1,CMD,0x0001,0xaabb,,0x0001
758,1,1,0,0,759,430837726.15625,6,,-94,1,ACK,,,,
759,1,1,0,0,760,431029237.5625,13,,-78,1,CMD,0x0001,0xaabb,,0x0002
760,1,1,0,0,761,431030005.15625,6,,-95,1,ACK,,,,
761,1,1,0,0,762,431656021.8125,13,,-86,1,CMD,0x0001,0xaabb,,0x0006
762,1,1,0,0,763,431656789.65625,6,,-96,1,ACK,,,,
763,1,1,0,0,764,435032015.65625,13,,-91,1,CMD,0x0001,0xaabb,,0x0003
764,1,1,0,0,765,435032783.5625,6,,-91,1,ACK,,,,
765,1,1,0,0,766,437014135.65625,6,,-97,1,ACK,,,,
766,1,1,0,0,767,437931350.5625,108,,-68,1,CMD,0x0001,0xaabb,,0x0005
767,1,1,0,0,768,437937170.21875,101,,-86,1,DATA,0x0001,0xaabb,,0x0005
768,1,1,0,0,769,437940753.90625,6,,-93,1,ACK,,,,
769,1,1,0,0,770,439202990.78125,13,,-88,1,CMD,0x0001,0xaabb,,0x0004
770,1,1,0,0,771,439203758.40625,6,,-95,1,ACK,,,,
771,1,1,0,0,772,440505476.40625,13,,-96,1,CMD,0x0001,0xaabb,,0x0004
772,1,1,0,0,773,440506244.15625,6,,-95,1,ACK,,,,
773,1,1,0,0,774,440774630.03125,101,,-98,1,DATA,0x0001,0xaabb,,0x0004
774,1,1,0,0,775,440778213.90625,6,,-92,1,ACK,,,,
775,1,1,0,0,776,443354893.28125,101,,-93,1,DATA,0x0001,0xaabb,,0x0007
776,1,1,0,0,777,443358476.96875,6,,-98,1,ACK,,,,
777,1,1,0,0,778,443362436.59375,104,,-73,0,RFID_BLINK,0x0001,0xaabb,,0x0007
778,1,1,0,0,779,443369208.15625,101,,-91,1,DATA,0x0001,0xaabb,,0x0007
779,1,1,0,0,780,443381785.78125,101,,-91,1,DATA,0x0001,0xaabb,,0x0007
780,1,1,0,0,781,443385369.34375,6,,-93,1,ACK,,,,
781,1,1,0,0,782,443386955.84375,108,,-73,0,CMD,0x0001,0xaabb,,0x0007
782,1,1,0,0,783,446866220.40625,13,,-90,1,CMD,0x0001,0xaabb,,0x0007
783,1,1,0,0,784,446868116.65625,13,,-90,1,CMD,0x0001,0xaabb,,0x0007
784,1,1,0,0,785,446868884.53125,6,,-96,1,ACK,,,,
785,1,1,0,0,786,446875834.28125,6,,-94,1,ACK,,,,
786,1,1,0,0,787,448323744.90625,13,,-82,1,CMD,0x0001,0xaabb,,0x0005
787,1,1,0,0,788,448324512.78125,6,,-94,1,ACK,,,,
788,1,1,0,0,789,449731793.65625,109,,-160,1,1_OCT_HEADER,0x0001,0xaabb,,0x0006
789,1,1,0,0,790,449738249.59375,101,,-85,1,DATA,0x0001,0xaabb,,0x0006
790,1,1,0,0,791,449741833.125,6,,-93,1,ACK,,,,
791,1,1,0,0,792,449837753.375,101,,-81,1,DATA,0x0001,0xaabb,,0x0002
792,1,1,0,0,793,449841337.09375,6,,-94,1,ACK,,,,
793,1,1,0,0,794,450022876.84375,13,,-93,1,CMD,0x0001,0xaabb,,0x0006
794,1,1,0,0,795,450023644.34375,6,,-94,1,ACK,,,,
795,1,1,0,0,796,450025336.34375,41,,-90,0,DATA,0x0001,0x0006,,0xaabb
796,1,1,0,0,797,450035855.84375,43,,-94,0,DATA,0x0001,0xaabb,,0x0006
797,1,1,0,0,798,450037583.59375,6,,-94,1,ACK,,,,
798,1,1,0,0,799,450831554.875,13,,-92,1,CMD,0x0001,0xaabb,,0x0001
799,1,1,0,0,800,450832322.71875,6,,-94,1,ACK,,,,
800,1,1,0,0,801,451029749.875,13,,-81,1,CMD,0x0001,0xaabb,,0x0002
801,1,1,0,0,802,451033869.875,13,,-81,1,CMD,0x0001,0xaabb,,0x0002
802,1,1,0,0,803,451034637.375,6,,-94,1,ACK,,,,
803,1,1,0,0,804,451447786.71875,108,,-73,0,CMD,0x0001,0xaabb,,0x0004
804,1,1,0,0,805,451453606.28125,108,,-68,1,CMD,0x0001,0xaabb,,0x0004
805,1,1,0,0,806,451459738.21875,107,,-73,0,ACK,,,,
806,1,1,0,0,807,451466189.03125,101,,-94,1,DATA,0x0001,0xaabb,,0x0004
807,1,1,0,0,808,451469772.78125,6,,-93,1,ACK,,,,
808,1,1,0,0,809,451661179.28125,13,,-82,1,CMD,0x0001,0xaabb,,0x0006
809,1,1,0,0,810,451661947.03125,6,,-94,1,ACK,,,,
810,1,1,0,0,811,453219364.375,108,,-68,1,CMD,,,,0x271d0003aabbe86a
811,1,1,0,0,812,453222948.0625,6,,-95,1,ACK,,,,
812,1,1,0,0,813,455034892.6875,13,,-89,1,CMD,0x0001,0xaabb,,0x0003
813,1,1,0,0,814,455035660.5625,6,,-93,1,ACK,,,,
814,1,1,0,0,815,457196626.1875,101,,-93,1,DATA,0x0001,0xaabb,,0x0006
815,1,1,0,0,816,457200209.6875,6,,-94,1,ACK,,,,
816,1,1,0,0,817,459197730.8125,13,,-93,1,CMD,0x0001,0xaabb,,0x0004
817,1,1,0,0,818,459198498.6875,6,,-94,1,ACK,,,,
818,1,1,0,0,819,466865408.1875,13,,-91,1,CMD,0x0001,0xaabb,,0x0007
819,1,1,0,0,820,466866175.8125,6,,-95,1,ACK,,,,
820,1,1,0,0,821,467009730.3125,105,,-187,0,BCN,0x0001,0xaabb,,0x0001
821,1,1,0,0,822,467013314.0,6,,-94,1,ACK,,,,
822,1,1,0,0,823,467930748.25,109,,-160,1,1_OCT_HEADER,0x7777,0xaab7,,0x0005
823,1,1,0,0,824,467935815.6875,101,,-79,1,DATA,0x0001,0xaabb,,0x0005
824,1,1,0,0,825,467939399.40625,6,,-94,1,ACK,,,,
825,1,1,0,0,826,468322737.53125,13,,-79,1,CMD,0x0001,0xaabb,,0x0005
826,1,1,0,0,827,468326860.28125,13,,-69,0,CMD,0x0001,0x777b,,0x7777
827,1,1,0,0,828,468327628.03125,6,,-59,0,ACK,,,,
828,1,1,0,0,829,468328750.28125,13,,-79,1,CMD,0x0001,0xaabb,,0x0005
829,1,1,0,0,830,468329518.03125,6,,-73,0,ACK,,,,
830,1,1,0,0,831,468331904.03125,13,,-79,1,CMD,0x0001,0xaabb,,0x0005
831,1,1,0,0,832,468332671.78125,6,,-95,1,ACK,,,,
832,1,1,0,0,833,470022275.03125,13,,-95,1,CMD,0x0001,0xaabb,,0x0006
833,1,1,0,0,834,470023042.65625,6,,-96,1,ACK,,,,
834,1,1,0,0,835,470025374.90625,41,,-96,1,DATA,0x0001,0x0006,,0xaabb
835,1,1,0,0,836,470027038.78125,6,,-95,1,ACK,,,,
836,1,1,0,0,837,470030860.90625,43,,-95,1,DATA,0x0001,0xaabb,,0x0006
837,1,1,0,0,838,470032588.65625,6,,-95,1,ACK,,,,
838,1,1,0,0,839,470782588.53125,108,,-68,1,CMD,0x7777,0x7777,,0x7775
839,1,1,0,0,840,470786172.25,6,,-98,1,ACK,,,,
840,1,1,0,0,841,470830754.34375,13,,-91,1,CMD,0x0001,0xaabb,,0x0001
841,1,1,0,0,842,470831522.0,6,,-94,1,ACK,,,,
842,1,1,0,0,843,470833213.25,31,,-95,1,DATA,0x0001,0x0001,,0xaabb
843,1,1,0,0,844,470834557.0,6,,-91,1,ACK,,,,
844,1,1,0,0,845,470837703.59375,31,,-92,1,DATA,0x0001,0xaabb,,0x0001
845,1,1,0,0,846,470839047.5,6,,-94,1,ACK,,,,
846,1,1,0,0,847,471030928.84375,13,,-78,1,CMD,0x0001,0xaabb,,0x0002
847,1,1,0,0,848,471031696.75,6,,-94,1,ACK,,,,
848,1,1,0,0,849,471666805.75,13,,-85,1,CMD,0x0001,0xaabb,,0x0006
849,1,1,0,0,850,471667573.5,6,,-94,1,ACK,,,,
850,1,1,0,0,851,473353292.09375,101,,-87,0,1_OCT_HEADER,0x0001,0xaabb,,0x0007
851,1,1,0,0,852,473359111.15625,101,,-91,1,DATA,0x0001,0xaabb,,0x0007
852,1,1,0,0,853,473364603.21875,109,,-160,1,1_OCT_HEADER,0x0001,0xaabb,,0x0007
853,1,1,0,0,854,473369774.53125,101,,-91,1,DATA,0x0001,0xaabb,,0x0007
854,1,1,0,0,855,473375584.5625,101,,-91,1,DATA,0x0001,0xaabb,,0x0007
855,1,1,0,0,856,473379168.375,6,,-96,1,ACK,,,,
856,1,1,0,0,857,475038846.96875,13,,-73,0,CMD,0x7e01,0x6a77,,0x0476
857,1,1,0,0,858,475039614.71875,6,,-94,1,ACK,,,,
858,1,1,0,0,859,479202001.96875,13,,-92,1,CMD,0x0001,0xaabb,,0x0004
859,1,1,0,0,860,479202769.71875,6,,-94,1,ACK,,,,
860,1,1,0,0,861,479740016.125,101,,-85,1,DATA,0x0001,0xaabb,,0x0006
861,1,1,0,0,862,479746475.375,70,,-40,1,CSL_WAKEUP,0xffff,0xdffa,,
862,1,1,0,0,863,479751536.0625,29,,-111,1,1_OCT_HEADER,0x7077,0x7777,0x7777,0x7757
863,1,1,0,0,864,479757026.25,101,,-84,1,DATA,0x0001,0xaabb,,0x0006
864,1,1,0,0,865,479760610.03125,6,,-100,1,ACK,,,,
865,1,1,0,0,866,479843873.28125,101,,-80,1,DATA,0x0001,0xaabb,,0x0002
866,1,1,0,0,867,479849044.96875,101,,-79,1,DATA,0x0001,0xaabb,,0x0002
867,1,1,0,0,868,479852628.96875,6,,-96,1,ACK,,,,
868,1,1,0,0,869,480517755.875,6,,-64,0,ACK,,,,
869,1,1,0,0,870,481446858.125,104,,-73,0,RFID_BLINK,0x0001,0xaabb,,0x0004
870,1,1,0,0,871,481452678.15625,101,,-93,1,DATA,0x0001,0xaabb,,0x0004
871,1,1,0,0,872,481456261.875,6,,-94,1,ACK,,,,
872,1,1,0,0,873,483228368.1875,6,,-91,1,ACK,,,,
873,1,1,0,0,874,486869366.6875,13,,-91,1,CMD,0x0001,0xaabb,,0x0007
874,1,1,0,0,875,486870134.1875,6,,-94,1,ACK,,,,
875,1,1,0,0,876,486874248.9375,13,,-91,1,CMD,0x0001,0xaabb,,0x0007
876,1,1,0,0,877,486875016.6875,6,,-95,1,ACK,,,,
877,1,1,0,0,878,488326344.6875,13,,-84,1,CMD,0x0001,0xaabb,,0x0005
878,1,1,0,0,879,488327112.4375,6,,-93,1,ACK,,,,
879,1,1,0,0,880,490025123.5625,13,,-93,1,CMD,0x0001,0xaabb,,0x0006
880,1,1,0,0,881,490025891.0625,6,,-92,0,ACK,,,,
881,1,1,0,0,882,490028542.3125,41,,-92,1,DATA,0x0001,0x0006,,0xaabb
882,1,1,0,0,883,490030206.0625,6,,-93,1,ACK,,,,
883,1,1,0,0,884,490034355.6875,43,,-93,1,DATA,0x0001,0xaabb,,0x0006
884,1,1,0,0,885,490036083.3125,6,,-92,1,ACK,,,,
885,1,1,0,0,886,490829960.5625,13,,-92,1,CMD,0x0001,0xaabb,,0x0001
886,1,1,0,0,887,490830728.1875,6,,-91,1,ACK,,,,
887,1,1,0,0,888,491030396.3125,13,,-80,1,CMD,0x0001,0xaabb,,0x0002
888,1,1,0,0,889,491031163.9375,6,,-92,1,ACK,,,,
889,1,1,0,0,890,491673962.5625,13,,-85,1,CMD,0x0001,0xaabb,,0x0006
890,1,1,0,0,891,491674730.0625,6,,-92,1,ACK,,,,
891,1,1,0,0,892,495041577.1875,13,,-91,1,CMD,0x0001,0xaabb,,0x0003
892,1,1,0,0,893,495042345.1875,6,,-94,1,ACK,,,,
893,1,1,0,0,894,497008942.8125,109,,-73,0,1_OCT_HEADER,0x0001,0xaabb,,0x0001
894,1,1,0,0,895,497012526.375,6,,-97,1,ACK,,,,
895,1,1,0,0,896,497928890.125,101,,-82,1,DATA,0x0001,0xaabb,,0x0005
896,1,1,0,0,897,497934708.53125,101,,-82,1,DATA,0x0001,0xaabb,,0x0005
897,1,1,0,0,898,497938292.59375,6,,-93,1,ACK,,,,
898,1,1,0,0,899,499196430.09375,13,,-88,0,CMD,0x0001,0xaabb,,0x0004
899,1,1,0,0,900,500521632.34375,13,,-99,1,CMD,0x0001,0xaabb,,0x0004
900,1,1,0,0,901,500522399.96875,6,,-91,1,ACK,,,,
901,1,1,0,0,902,500790952.21875,108,,-73,0,CMD,0x0001,0xaabb,,0x0004
902,1,1,0,0,903,500796449.78125,101,,-98,1,DATA,0x0001,0xaabb,,0x0004
903,1,1,0,0,904,500800033.65625,6,,-91,1,ACK,,,,
904,1,1,0,0,905,503352947.40625,108,,-81,0,CMD,0x0001,0xaabb,,0x0007
905,1,1,0,0,906,503358767.46875,109,,-73,0,1_OCT_HEADER,0x0001,0xaabb,,0x0007
906,1,1,0,0,907,503364259.53125,101,,-91,1,DATA,0x0001,0xaabb,,0x0007
907,1,1,0,0,908,503369430.3125,101,,-91,1,DATA,0x0001,0xaabb,,0x0007
908,1,1,0,0,909,503375240.3125,101,,-91,1,DATA,0x0001,0xaabb,,0x0007
909,1,1,0,0,910,503378823.90625,6,,-93,1,ACK,,,,
910,1,1,0,0,911,504432659.78125,101,,-94,1,DATA,0x0001,0xaabb,,0x0006
911,1,1,0,0,912,504436243.3125,6,,-91,1,ACK,,,,
912,1,1,0,0,913,506864973.90625,13,,-90,1,CMD,0x0001,0xaabb,,0x0007
913,1,1,0,0,914,506865741.8125,6,,-93,1,ACK,,,,
914,1,1,0,0,915,508321381.15625,13,,-82,1,CMD,0x0001,0xaabb,,0x0005
915,1,1,0,0,916,508322149.0625,6,,-93,1,ACK,,,,
916,1,1,0,0,917,509747688.3125,101,,-85,1,DATA,0x0001,0xaabb,,0x0006
917,1,1,0,0,918,509754148.09375,101,,-86,1,DATA,0x0001,0xaabb,,0x0006
918,1,1,0,0,919,509757731.65625,6,,-92,1,ACK,,,,
919,1,1,0,0,920,509828858.15625,101,,-81,1,DATA,0x0001,0xaabb,,0x0002
920,1,1,0,0,921,509832441.53125,6,,-92,1,ACK,,,,
921,1,1,0,0,922,510025828.03125,13,,-88,0,CMD,0x0001,0xaabb,,0x0006
922,1,1,0,0,923,510030270.78125,6,,-94,1,ACK,,,,
923,1,1,0,0,924,510032722.78125,43,,-94,1,DATA,0x0001,0xaabb,,0x0006
924,1,1,0,0,925,510034450.28125,6,,-91,1,ACK,,,,
925,1,1,0,0,926,510830129.65625,13,,-91,1,CMD,0x0001,0xaabb,,0x0001
926,1,1,0,0,927,510830897.40625,6,,-92,1,ACK,,,,
927,1,1,0,0,928,511023533.53125,13,,-81,1,CMD,0x0001,0xaabb,,0x0002
928,1,1,0,0,929,511024301.15625,6,,-93,1,ACK,,,,
929,1,1,0,0,930,511446257.53125,101,,-91,1,DATA,0x0001,0xaabb,,0x0004
930,1,1,0,0,931,511449841.21875,6,,-91,1,ACK,,,,
931,1,1,0,0,932,511677892.71875,13,,-85,1,CMD,0x0001,0xaabb,,0x0006
932,1,1,0,0,933,511678660.59375,6,,-91,1,ACK,,,,
933,1,1,0,0,934,513229062.34375,101,,-90,1,DATA,0x0001,0xaabb,,0x0003
934,1,1,0,0,935,513232646.03125,6,,-91,1,ACK,,,,
935,1,1,0,0,936,515046247.28125,13,,-89,1,CMD,0x0001,0xaabb,,0x0003
936,1,1,0,0,937,519196731.03125,13,,-92,1,CMD,0x0001,0xaabb,,0x0004
937,1,1,0,0,938,519197498.78125,6,,-95,1,ACK,,,,
938,1,1,0,0,939,520527029.15625,13,,-98,1,CMD,0x0001,0xaabb,,0x0004
939,1,1,0,0,940,520527796.65625,6,,-93,1,ACK,,,,
940,1,1,0,0,941,526864942.40625,13,,-91,1,CMD,0x0001,0xaabb,,0x0007
941,1,1,0,0,942,526865710.28125,6,,-93,1,ACK,,,,
942,1,1,0,0,943,527009200.28125,101,,-91,1,DATA,0x0001,0xaabb,,0x0001
943,1,1,0,0,944,527012783.9375,6,,-93,1,ACK,,,,
944,1,1,0,0,945,527928288.3125,101,,-83,1,DATA,0x0001,0xaabb,,0x0005
945,1,1,0,0,946,527931872.0625,6,,-91,1,ACK,,,,
946,1,1,0,0,947,528321655.0625,13,,-85,1,CMD,0x0001,0xaabb,,0x0005
947,1,1,0,0,948,528322422.9375,6,,-91,1,ACK,,,,
948,1,1,0,0,949,530027163.4375,13,,-94,1,CMD,0x0001,0xaabb,,0x0006
949,1,1,0,0,950,530027931.4375,6,,-94,1,ACK,,,,
950,1,1,0,0,951,530028678.5625,41,,-93,1,DATA,0x0001,0x0006,,0xaabb
951,1,1,0,0,952,530030342.4375,6,,-94,1,ACK,,,,
952,1,1,0,0,953,530032877.4375,43,,-94,1,DATA,0x0001,0xaabb,,0x0006
953,1,1,0,0,954,530034605.3125,6,,-93,1,ACK,,,,
954,1,1,0,0,955,530798583.8125,108,,-81,0,CMD,0x0001,0xaabb,,0x0004
955,1,1,0,0,956,530804083.5,101,,-100,1,DATA,0x0001,0xaabb,,0x0004
956,1,1,0,0,957,530807667.09375,6,,-94,1,ACK,,,,
957,1,1,0,0,958,530829460.96875,6,,-94,1,ACK,,,,
958,1,1,0,0,959,531012063.84375,13,,-81,1,CMD,0x0001,0xaabb,,0x0002
959,1,1,0,0,960,531012831.71875,6,,-93,1,ACK,,,,
960,1,1,0,0,961,531014842.71875,31,,-93,1,DATA,0x0001,0x0002,,0xaabb
961,1,1,0,0,962,531016186.34375,6,,-81,1,ACK,,,,
962,1,1,0,0,963,531018714.34375,31,,-80,1,DATA,0x0001,0xaabb,,0x0002
963,1,1,0,0,964,531020058.09375,6,,-93,1,ACK,,,,
964,1,1,0,0,965,531685302.34375,13,,-85,1,CMD,0x0001,0xaabb,,0x0006
965,1,1,0,0,966,531686070.09375,6,,-97,1,ACK,,,,
966,1,1,0,0,967,533352635.59375,108,,-81,0,CMD,0x0001,0xaabb,,0x0007
967,1,1,0,0,968,533357701.15625,73,,-12,0,BCN,0x7777,0xaa77,,0x0007
968,1,1,0,0,969,533363193.21875,101,,-91,1,DATA,0x0001,0xaabb,,0x0007
969,1,1,0,0,970,533366777.125,6,,-91,1,ACK,,,,
970,1,1,0,0,971,535047656.375,13,,-91,1,CMD,0x0001,0xaabb,,0x0003
971,1,1,0,0,972,535048424.125,6,,-93,1,ACK,,,,
972,1,1,0,0,973,539201933.25,13,,-93,1,CMD,0x0001,0xaabb,,0x0004
973,1,1,0,0,974,539202701.125,6,,-93,1,ACK,,,,
974,1,1,0,0,975,539755643.75,101,,-94,1,DATA,0x0001,0xaabb,,0x0006
975,1,1,0,0,976,539759227.4375,6,,-93,1,ACK,,,,
976,1,1,0,0,977,539812595.6875,101,,-79,1,DATA,0x0001,0xaabb,,0x0002
977,1,1,0,0,978,539816179.625,6,,-93,1,ACK,,,,
978,1,1,0,0,979,540532168.0,13,,-99,1,CMD,0x0001,0xaabb,,0x0004
979,1,1,0,0,980,540532935.75,6,,-93,1,ACK,,,,
980,1,1,0,0,981,541445678.375,101,,-94,1,DATA,0x0001,0xaabb,,0x0004
981,1,1,0,0,982,541449262.1875,6,,-94,1,ACK,,,,
982,1,1,0,0,983,543233827.8125,101,,-90,1,DATA,0x0001,0xaabb,,0x0003
983,1,1,0,0,984,543237411.5,6,,-93,1,ACK,,,,
984,1,1,0,0,985,544232565.875,107,,36,1,ACK,,,,
985,1,1,0,0,986,544236149.4375,6,,-93,1,ACK,,,,
986,1,1,0,0,987,546866384.1875,13,,-90,1,CMD,0x0001,0xaabb,,0x0007
987,1,1,0,0,988,546867151.6875,6,,-91,1,ACK,,,,
988,1,1,0,0,989,548320333.8125,13,,-84,1,CMD,0x0001,0xaabb,,0x0005
989,1,1,0,0,990,548321101.6875,6,,-92,1,ACK,,,,
990,1,1,0,0,991,550026397.5625,13,,-95,1,CMD,0x0001,0xaabb,,0x0006
991,1,1,0,0,992,550027165.0625,6,,-93,1,ACK,,,,
992,1,1,0,0,993,550028218.0625,41,,-93,1,DATA,0x0001,0x0006,,0xaabb
993,1,1,0,0,994,550029882.0625,6,,-95,1,ACK,,,,
994,1,1,0,0,995,550032748.3125,43,,-95,1,DATA,0x0001,0xaabb,,0x0006
995,1,1,0,0,996,550034476.0625,6,,-93,1,ACK,,,,
996,1,1,0,0,997,550828534.0625,13,,-92,1,CMD,0x0001,0xaabb,,0x0001
997,1,1,0,0,998,550829301.8125,6,,-93,1,ACK,,,,
998,1,1,0,0,999,551000928.0625,13,,-81,1,CMD,0x0001,0xaabb,,0x0002
999,1,1,0,0,1000,551001695.9375,6,,-93,1,ACK,,,,
